"rank","player_name","team","position","headshot_href","IMPACT_100","SCORING_100","PLAY_100","REB_100","DISC_100","DEF_100","TOTAL_100"
1,"Shai Gilgeous-Alexander","OKC","PG","https://a.espncdn.com/i/headshots/nba/players/full/4278073.png",98.46154718897,94.388992117405,91.4186577211238,55.1206797936397,64.6202283857465,85.7761419529498,97.906432939541
2,"Tyrese Haliburton","IND","PG","https://a.espncdn.com/i/headshots/nba/players/full/4396993.png",87.853674570392,86.3777469476382,97.3410750880435,49.3227821018741,84.2967769647372,74.0931878532413,95.819986997204
3,"Giannis Antetokounmpo","MIL","PF","https://a.espncdn.com/i/headshots/nba/players/full/3032977.png",96.3833116543011,89.0941151740883,90.0008704044009,84.7960365260115,52.3151725242547,61.068902657561,95.0586317153519
4,"Anthony Davis","DAL","PF","https://a.espncdn.com/i/headshots/nba/players/full/6583.png",88.9687865803574,73.7542123869633,65.6494145390574,96.9424138450018,73.3675367806676,86.3950316832101,93.8380831464777
5,"Jimmy Butler III","GS","SF","https://a.espncdn.com/i/headshots/nba/players/full/6430.png",89.2616972889983,75.3040603247971,82.6474919230719,87.7636100525729,89.8588286393901,70.1393817979981,93.2378712984856
6,"Victor Wembanyama","SA","C","https://a.espncdn.com/i/headshots/nba/players/full/5104157.png",88.0982049439923,79.8657595532176,65.3869248167255,82.4331458376007,51.4604395089443,96.2639100328258,93.2025800218863
7,"Evan Mobley","CLE","PF","https://a.espncdn.com/i/headshots/nba/players/full/4432158.png",94.2251791289977,89.0601654257914,68.4708919721195,80.8320675162962,58.4733455262748,74.8087370116039,92.075946957539
8,"Jalen Williams","OKC","F","https://a.espncdn.com/i/headshots/nba/players/full/4593803.png",91.2204839323402,78.3797068992613,84.0377408343818,57.8040825094142,62.3500810519064,81.4157041306134,90.2226503044261
9,"Jarrett Allen","CLE","C","https://a.espncdn.com/i/headshots/nba/players/full/4066328.png",93.6639534014588,85.3974226238981,57.8575313106398,86.285054465078,72.3829042536705,69.7669125518781,90.1925627292248
10,"James Harden","LAC","SG","https://a.espncdn.com/i/headshots/nba/players/full/3992.png",88.4223474642161,77.3162342141509,96.9468514137477,57.060570880892,34.6485670640933,73.3139934007302,89.9921390201205
11,"Darius Garland","CLE","PG","https://a.espncdn.com/i/headshots/nba/players/full/4396907.png",91.6489354981138,83.8581098894666,93.7299485926072,48.1197676540894,55.2785909608718,61.3470742526729,89.7634955346579
12,"Alex Caruso","OKC","SG","https://a.espncdn.com/i/headshots/nba/players/full/2991350.png",81.0564833487528,61.7502771944703,66.8336169793902,56.9148728650059,73.4282242244614,97.4557854613818,89.7076456820469
13,"Jayson Tatum","BOS","SF","https://a.espncdn.com/i/headshots/nba/players/full/4065648.png",93.6959403186318,85.7475356291118,87.8536730497897,67.6256686505333,54.592645796259,54.320288580112,89.6422467988335
14,"LeBron James","LAL","SF","https://a.espncdn.com/i/headshots/nba/players/full/1966.png",80.9776122198152,87.8119892994693,95.4764926574091,66.5268868278478,46.8123418316911,54.7517955910843,89.3060635131845
15,"Ty Jerome","MEM","SG","https://a.espncdn.com/i/headshots/nba/players/full/4065733.png",88.769014347695,85.3916340105891,79.3026337586468,53.0301721916552,67.9075868318897,79.1087176110014,89.2611036186236
16,"Dyson Daniels","ATL","G","https://a.espncdn.com/i/headshots/nba/players/full/4869342.png",63.7463905380348,67.7612198288626,79.2122475468924,60.9979035468038,55.0016995115611,97.6527310270718,89.1838247989144
17,"Stephen Curry","GS","PG","https://a.espncdn.com/i/headshots/nba/players/full/3975.png",89.4014408353031,87.3596341567928,89.436110973789,53.4040303225323,59.6473328229119,61.4107583279389,88.9048335927414
18,"Domantas Sabonis","SAC","PF","https://a.espncdn.com/i/headshots/nba/players/full/3155942.png",87.4422736777569,92.2841685571065,88.4365468153219,90.8579286155402,38.5747767370127,43.7203878456351,88.6463793147238
19,"Donovan Mitchell","CLE","SG","https://a.espncdn.com/i/headshots/nba/players/full/3908809.png",92.8808690981405,79.8062187297756,83.9795329516023,54.8825138675863,68.3661068695262,66.7121728414101,88.5547899543746
20,"Karl-Anthony Towns","NY","C","https://a.espncdn.com/i/headshots/nba/players/full/3136195.png",92.7838476512051,91.1184410186678,65.5083500715108,87.327449693748,41.3539736819132,56.3954605874989,86.9385452388521
21,"Derrick White","BOS","PG","https://a.espncdn.com/i/headshots/nba/players/full/3078576.png",88.761818329349,84.9865043574684,82.1414827454754,53.3528410721735,70.9123753196941,62.5412010830756,86.6834947669719
22,"Cade Cunningham","DET","PG","https://a.espncdn.com/i/headshots/nba/players/full/4432166.png",84.7584239353559,79.8911430384846,96.8153429651227,58.6992417401471,34.9075919278515,58.2592629255604,86.4017214767682
23,"Trae Young","ATL","PG","https://a.espncdn.com/i/headshots/nba/players/full/4277905.png",74.9557439674035,75.4535501903288,98.5369376453258,46.8952504207005,35.344799959428,53.6945963353207,86.2077800941311
24,"Amen Thompson","HOU","F","https://a.espncdn.com/i/headshots/nba/players/full/4684740.png",84.3665228466292,75.3632344410947,73.4925341216419,75.3599545179333,52.1975386814092,84.2803331108442,86.194925332628
25,"Josh Hart","NY","SG","https://a.espncdn.com/i/headshots/nba/players/full/3062679.png",77.759951737345,82.6513047584534,87.9713410838821,73.090264983401,53.4099299892648,65.8863597654433,86.1544314751554
26,"Payton Pritchard","BOS","PG","https://a.espncdn.com/i/headshots/nba/players/full/4066354.png",87.313505644004,90.1180796415319,74.974176848065,55.1712562009888,83.976614113949,52.0056668723635,85.9757938479138
27,"Alperen Sengun","HOU","C","https://a.espncdn.com/i/headshots/nba/players/full/4871144.png",91.4979730885451,63.4288488410148,84.4580304531215,85.33463877413,44.7661850312702,67.9723551757603,85.8990738311934
28,"T.J. McConnell","IND","PG","https://a.espncdn.com/i/headshots/nba/players/full/2530530.png",71.2582761348276,59.0062541268717,91.7172760222295,54.2584418607929,69.6076336531549,86.6470344083688,85.5551387393118
29,"Zion Williamson","NO","PF","https://a.espncdn.com/i/headshots/nba/players/full/4395628.png",88.7864965262545,65.8854809317151,76.8530926143213,75.3523236162036,55.0596251326564,80.2469054339501,85.5441238877919
30,"Josh Giddey","CHI","SG","https://a.espncdn.com/i/headshots/nba/players/full/4871145.png",69.7795794955809,69.5298949294213,94.4575805831236,75.1817091269482,46.0447469269041,71.0961836748041,85.2732246158398
31,"Jamal Murray","DEN","PG","https://a.espncdn.com/i/headshots/nba/players/full/3936299.png",84.8476163444124,79.2864169431264,86.9845789107922,49.7364243531084,72.8142433689824,64.1918929955994,85.1478895654672
32,"Ivica Zubac","LAC","C","https://a.espncdn.com/i/headshots/nba/players/full/4017837.png",93.8635883705672,71.0738282920909,63.8334429127897,90.0518935224246,65.6443627885547,55.9789823890173,85.0993790087825
33,"Tari Eason","HOU","F","https://a.espncdn.com/i/headshots/nba/players/full/4433192.png",79.6907194737262,66.1403842263984,51.4615071103218,75.8417872918843,65.1105672191443,95.420044225586,85.0925194766476
34,"Chris Paul","LAC","PG","https://a.espncdn.com/i/headshots/nba/players/full/2779.png",64.6955354840816,66.3270153462676,96.5997003311751,52.052675321265,63.3866243305938,70.7353426386264,85.0492837813825
35,"Christian Braun","DEN","G","https://a.espncdn.com/i/headshots/nba/players/full/4431767.png",86.3695785880227,92.4615851419914,62.3802976530495,56.9998040165461,80.4289265873691,57.2002969019177,84.6999590303132
36,"Josh Okogie","HOU","SF","https://a.espncdn.com/i/headshots/nba/players/full/4065663.png",67.8490713266406,55.5812887331005,47.8433634287988,89.0848537720402,73.9240305444801,96.5289189380341,84.2562504867813
37,"Luke Kornet","SA","C","https://a.espncdn.com/i/headshots/nba/players/full/3064560.png",89.2976883846839,67.7139467406311,57.8630839385311,82.7983120671525,79.8788983093312,72.8840956684878,84.1698949969978
38,"Damian Lillard","POR","PG","https://a.espncdn.com/i/headshots/nba/players/full/6606.png",81.9670682797113,83.4519380948524,89.7796671834903,52.1161179040522,66.2938705091552,54.1522007815072,83.8929097587597
39,"Jalen Brunson","NY","PG","https://a.espncdn.com/i/headshots/nba/players/full/3934672.png",85.5018664199916,85.6964330064366,92.3353180103648,46.2851874735651,65.1446389268304,46.1063970169679,83.8051054400861
40,"Kawhi Leonard","LAC","SF","https://a.espncdn.com/i/headshots/nba/players/full/6450.png",87.9403514718555,73.3941626527594,59.8087156558108,61.0272750093415,82.0528998097402,78.9189083732708,83.6769018058146
41,"Pascal Siakam","IND","PF","https://a.espncdn.com/i/headshots/nba/players/full/3149673.png",86.566716462674,86.2141421803565,70.8276287366202,66.7731458033619,73.8716152801929,53.7219405220997,83.1592490174773
42,"Thomas Bryant","IND","C","https://a.espncdn.com/i/headshots/nba/players/full/3934723.png",69.1721100883291,78.5738561215163,49.238880679092,95.5388949487242,81.6078147271671,70.5865467171923,83.0692477061101
43,"Jaren Jackson Jr.","MEM","PF","https://a.espncdn.com/i/headshots/nba/players/full/4277961.png",87.6581328725885,83.6272798428447,56.9049333364792,62.4878155599458,44.3334835891724,86.9204455856649,82.802590651527
44,"Jakob Poeltl","TOR","C","https://a.espncdn.com/i/headshots/nba/players/full/3134908.png",75.8543723336038,83.994470149842,61.9554404790084,85.1308157735999,44.6459083190856,81.2373365654433,82.7823837418092
45,"Onyeka Okongwu","ATL","PF","https://a.espncdn.com/i/headshots/nba/players/full/4431680.png",76.7796972304322,85.087817832161,60.6013585129441,84.377575859411,61.8183263859144,70.2983211690299,82.6505802519175
46,"Anthony Edwards","MIN","SG","https://a.espncdn.com/i/headshots/nba/players/full/4594268.png",87.2920285538502,87.5412546499244,80.0758030329195,56.2455975568279,48.2653661904083,59.3395582986316,82.5145687934698
47,"Daniel Gafford","DAL","C","https://a.espncdn.com/i/headshots/nba/players/full/4278049.png",87.1244878079883,78.9586475024803,52.2676571801233,85.1622173286208,48.9908011364491,80.4959232083276,82.5044953681064
48,"Tre Jones","CHI","PG","https://a.espncdn.com/i/headshots/nba/players/full/4395626.png",67.1091374322912,73.0185271178509,82.3085265601139,67.516701127328,85.5970444713382,66.6628654264755,82.4606565132572
49,"Scotty Pippen Jr.","MEM","G","https://a.espncdn.com/i/headshots/nba/players/full/4431785.png",69.4328884703777,70.4783202356205,88.4631071708995,57.2469504592287,39.1045632748185,89.2629288546805,82.2109593975342
50,"Tyler Herro","MIA","PG","https://a.espncdn.com/i/headshots/nba/players/full/4395725.png",80.4891631172211,88.3838517232325,86.7606489629393,54.1864846153419,66.7134101446841,46.6082268365319,81.9096705057168
51,"Chet Holmgren","OKC","PF","https://a.espncdn.com/i/headshots/nba/players/full/4433255.png",85.9872788021907,68.8066853733004,52.1923076612567,78.0809262040783,64.2967266474854,85.9995989227763,81.8913857755072
52,"Desmond Bane","ORL","SG","https://a.espncdn.com/i/headshots/nba/players/full/4066320.png",78.4081868912983,82.3232514478035,85.623983834653,61.4741745956117,51.5533562675988,61.9730276273926,81.5942599717831
53,"Goga Bitadze","ORL","C","https://a.espncdn.com/i/headshots/nba/players/full/4348700.png",78.6709760122618,66.6377841892397,60.8556752326651,85.3479994780672,49.9814789597755,87.5459074846062,81.4617760252044
54,"Austin Reaves","LAL","SG","https://a.espncdn.com/i/headshots/nba/players/full/4066457.png",80.903374805517,84.7299922247903,87.5476751835225,52.7438123156681,57.1289562071406,54.3285210997855,81.4052818747372
55,"Bam Adebayo","MIA","C","https://a.espncdn.com/i/headshots/nba/players/full/4066261.png",75.9653108010852,73.5525673850117,78.9610316708873,77.5114224283058,61.4683337276767,66.6029278841968,81.2294933982024
56,"Keon Ellis","SAC","G","https://a.espncdn.com/i/headshots/nba/players/full/4702177.png",64.3462556654974,87.8609959517881,54.2229395500706,50.6994437942971,60.5977351570554,93.0778207261081,81.1434961017824
57,"Ausar Thompson","DET","F","https://a.espncdn.com/i/headshots/nba/players/full/4684742.png",73.8497905746013,58.0422125431226,61.4839338573546,71.7011756392216,46.1663000189839,96.0918573049204,81.0590337938664
58,"Kevin Durant","HOU","PF","https://a.espncdn.com/i/headshots/nba/players/full/3202.png",78.3703459422904,91.6704407275755,72.8921300461529,56.5164106887863,56.4112423987677,57.1093490058066,80.0396928949003
59,"Cason Wallace","OKC","G","https://a.espncdn.com/i/headshots/nba/players/full/4683692.png",75.2577106399145,64.9417407311355,62.7520466838987,52.8875592745681,75.1389932145318,91.0019731935173,79.921885048503
60,"Ja Morant","MEM","PG","https://a.espncdn.com/i/headshots/nba/players/full/4279888.png",84.231009839508,67.1569279789905,91.5251348489058,53.401023992285,45.5867620616191,63.9217121639195,79.8481254196789
61,"Jalen Duren","DET","C","https://a.espncdn.com/i/headshots/nba/players/full/4433621.png",81.6146469304043,79.4395679766066,67.0351482643729,91.5491840284153,36.4597160838262,68.2193619055957,79.8190841951883
62,"Walker Kessler","UTAH","C","https://a.espncdn.com/i/headshots/nba/players/full/4433136.png",62.532961102562,81.9098786372282,51.9158230970626,92.5656228054409,55.2997180916661,80.5676799782986,79.7377433344195
63,"Santi Aldama","MEM","PF","https://a.espncdn.com/i/headshots/nba/players/full/4593125.png",76.2645532601439,77.1908650427616,67.3241233903866,72.6511529288805,84.6979395273401,58.726039055271,79.5556710061318
64,"Gary Payton II","GS","SG","https://a.espncdn.com/i/headshots/nba/players/full/3134903.png",70.3926877905118,82.8732445672329,56.1649428971586,65.3893063130155,60.2132936226393,85.9875171033737,79.3877130500308
65,"Jonathan Isaac","ORL","PF","https://a.espncdn.com/i/headshots/nba/players/full/4065654.png",67.3869256424558,47.6110756317015,46.2005483904372,81.2698358117091,78.7362766217425,96.6036684952337,79.303191859423
66,"Dereck Lively II","DAL","C","https://a.espncdn.com/i/headshots/nba/players/full/4683688.png",81.929840023344,71.4504251779711,58.302894760355,85.7836802489238,49.6289570579278,78.1155065436389,79.2496422165942
67,"Jay Huff","IND","C","https://a.espncdn.com/i/headshots/nba/players/full/4065731.png",74.2269485396655,90.9917083052742,47.854883672989,60.0046845636309,67.3838170919319,79.1668138270987,79.1701482293828
68,"Jalen Johnson","ATL","SF","https://a.espncdn.com/i/headshots/nba/players/full/4701230.png",73.5457492569701,65.1237357866733,71.3956101698427,75.8985241501945,63.6889297803334,79.0395534491267,79.0954918954405
69,"Scottie Barnes","TOR","SF","https://a.espncdn.com/i/headshots/nba/players/full/4433134.png",66.2708229571085,58.6231526975359,86.9873378620705,70.0425348601778,56.0085064423967,79.715843257136,78.9979591621127
70,"Franz Wagner","ORL","SF","https://a.espncdn.com/i/headshots/nba/players/full/4566434.png",86.1671467989842,71.5512264183047,77.8698174209733,58.4907715023163,64.5010454063041,61.5892827412072,78.9393130048737
71,"De'Aaron Fox","SA","PG","https://a.espncdn.com/i/headshots/nba/players/full/4066259.png",70.4367024208365,73.2362085798612,87.3340168638294,63.4185990181746,54.2933328096417,66.3850009733686,78.9309746073203
72,"Jaylin Williams","OKC","F","https://a.espncdn.com/i/headshots/nba/players/full/4432823.png",81.4400917113057,64.1942985432289,69.2167208955363,83.186524974032,66.7358107598059,66.1195085711358,78.8561325743332
73,"Isaiah Hartenstein","OKC","C","https://a.espncdn.com/i/headshots/nba/players/full/4222252.png",88.7108067807559,51.5188394163067,73.2393841593853,89.5468562934532,47.5686849426216,69.1147144768858,78.8108622766382
74,"Kyrie Irving","DAL","PG","https://a.espncdn.com/i/headshots/nba/players/full/6442.png",81.7491532571194,78.0900953347521,72.6667827704861,53.9783835435226,74.9542758447151,62.3756017819618,78.5835373782829
75,"Caris LeVert","DET","SG","https://a.espncdn.com/i/headshots/nba/players/full/2991043.png",77.1738084757043,71.3139846205372,72.6641511339909,63.2869845120314,78.1568394668108,65.9568244121351,78.333585049307
76,"Day'Ron Sharpe","BKN","C","https://a.espncdn.com/i/headshots/nba/players/full/4432194.png",79.27353418658,55.6281526257793,58.4320302450569,90.5572893697583,43.7973382279625,87.7384758549611,77.8744009627076
77,"Tyrese Maxey","PHI","PG","https://a.espncdn.com/i/headshots/nba/players/full/4431678.png",70.8841884515687,71.5404056814973,82.5247178125677,46.8341094367187,73.7081892235806,73.1080856578575,77.86527867222
78,"Aaron Wiggins","OKC","SG","https://a.espncdn.com/i/headshots/nba/players/full/4397183.png",87.4843228062275,78.5336212614933,57.5350506572778,60.0565568240753,82.5684685466671,58.3279347098026,77.8535515727976
79,"Rudy Gobert","MIN","C","https://a.espncdn.com/i/headshots/nba/players/full/3032976.png",85.4568975055341,74.329194621741,53.3893870381737,85.4694553968575,62.2336105151375,64.2998536308759,77.6892812351357
80,"OG Anunoby","NY","SF","https://a.espncdn.com/i/headshots/nba/players/full/3934719.png",79.3001225251163,81.313178787148,56.9410727217576,54.0791080932737,75.859463439732,73.7653332850708,77.3562608294442
81,"Moritz Wagner","ORL","C","https://a.espncdn.com/i/headshots/nba/players/full/3150844.png",81.379727149293,82.6570990524423,51.3037594741932,75.3639264441945,53.4092747463363,74.4388827941916,77.2212131838233
82,"Sandro Mamukelashvili","TOR","PF","https://a.espncdn.com/i/headshots/nba/players/full/4278580.png",75.3518266994805,83.1195053599182,51.0925569095263,78.3975549050623,79.6175724383434,62.4746300527869,77.1276378055313
83,"Kevon Looney","NO","F","https://a.espncdn.com/i/headshots/nba/players/full/3155535.png",75.4935082007202,55.5323650889664,60.7767602178061,92.7373313059287,55.9787494294486,77.7489532068911,76.7776759642471
84,"Zach Collins","CHI","PF","https://a.espncdn.com/i/headshots/nba/players/full/4066650.png",66.4409419109511,70.7844652869672,62.0019677935315,97.2614356715623,43.0424022539913,63.8240212535045,76.6966759577762
85,"Kyle Anderson","UTAH","SF","https://a.espncdn.com/i/headshots/nba/players/full/2993874.png",64.3954399106661,51.9778670692548,69.5597138267761,85.2482363819599,79.4165239607209,77.6388139433485,76.1927402006234
86,"John Konchar","MEM","SG","https://a.espncdn.com/i/headshots/nba/players/full/3134932.png",60.5362857728786,69.3976135087673,51.4186191518214,76.0867482705179,80.1890526612509,86.6451422346722,76.059249855296
87,"Jaylen Brown","BOS","SG","https://a.espncdn.com/i/headshots/nba/players/full/3917376.png",86.9169894004234,71.5634851902967,76.8558148388361,59.5522049827962,56.1643355769274,56.7929088486289,75.8485784555751
88,"Zach Edey","MEM","C","https://a.espncdn.com/i/headshots/nba/players/full/4600663.png",79.8634947783611,78.6279859434538,48.68750162338,91.8948032526515,38.5684471886099,75.9570699696627,75.7619639731706
89,"Draymond Green","GS","PF","https://a.espncdn.com/i/headshots/nba/players/full/6589.png",71.3643790366055,54.6786766950342,88.6348661510564,65.0545981461726,34.3844464798766,87.3758093781939,75.580054640462
90,"Kris Dunn","LAC","G","https://a.espncdn.com/i/headshots/nba/players/full/2991139.png",68.1212351325192,55.9921284840964,69.5932581132498,54.7387504816885,53.1239388436963,93.6203237394444,75.5171776012802
91,"Drew Eubanks","SAC","PF","https://a.espncdn.com/i/headshots/nba/players/full/3914285.png",60.9432828559797,81.3832190778714,51.7253577420283,95.9565200334622,58.7708704430456,60.3812568875781,75.502113812534
92,"Brook Lopez","LAC","C","https://a.espncdn.com/i/headshots/nba/players/full/3448.png",70.8713341487083,86.8974028607419,54.8637821920447,58.2237962415946,75.3495006897941,68.1586952491664,75.3320899914984
93,"Obi Toppin","IND","PF","https://a.espncdn.com/i/headshots/nba/players/full/4278355.png",67.7507458684114,89.6221118476819,58.1015470936485,64.532518048809,76.2764799247766,57.2541149582099,75.2730385303223
94,"Myles Turner","MIL","C","https://a.espncdn.com/i/headshots/nba/players/full/3133628.png",77.0288720557119,82.2437182030228,52.0842368849704,66.549990226535,53.4325492398694,78.4847740355562,75.1017578151867
95,"Devin Booker","PHX","SG","https://a.espncdn.com/i/headshots/nba/players/full/3136193.png",67.9267935897996,84.5403986886985,92.6436943502861,50.4794826295638,48.9423849362438,45.2154849577643,74.9224990322527
96,"Kel'el Ware","MIA","C","https://a.espncdn.com/i/headshots/nba/players/full/5105623.png",72.962084917479,75.4887642757024,47.9291821253896,84.2188025420552,70.7534947358568,72.7762918008522,74.9135351435679
97,"Tyus Jones","ORL","PG","https://a.espncdn.com/i/headshots/nba/players/full/3135046.png",59.8163928085767,69.5277438160058,90.4838995162265,47.6680092106565,86.9148697880166,51.7172899188838,74.6661436174857
98,"Mouhamed Gueye","ATL","F","https://a.espncdn.com/i/headshots/nba/players/full/4712863.png",67.8687397428522,47.7136555009371,47.251844395045,76.0325049077745,77.2276495996996,94.6099728533423,74.5058988198678
99,"Brandin Podziemski","GS","G","https://a.espncdn.com/i/headshots/nba/players/full/4709138.png",75.6608239132142,63.1330701470877,71.9607558462806,62.2704248291781,80.8617121079876,63.7950642742333,74.2731350296852
100,"Kevin Porter Jr.","MIL","G","https://a.espncdn.com/i/headshots/nba/players/full/4397140.png",67.5872757375576,54.0200406784042,80.6965834286876,73.8104479623059,48.5939605209838,80.8568368437821,74.0035510839168
101,"Russell Westbrook","DEN","PG","https://a.espncdn.com/i/headshots/nba/players/full/3468.png",62.4524593950466,60.2495670100132,92.5944948052494,61.3644116762074,34.1627747996811,81.1112414907071,73.8539610582397
102,"Mikal Bridges","NY","SF","https://a.espncdn.com/i/headshots/nba/players/full/3147657.png",77.8072201312174,83.7493277696917,73.3055218683431,47.4504607705634,77.2974568652479,49.6195493041283,73.7931068664303
103,"Naz Reid","MIN","C","https://a.espncdn.com/i/headshots/nba/players/full/4396971.png",81.6996609132431,75.8359204918449,61.6489101078304,66.8083740433947,62.6057960591105,61.5343006426154,73.710856861046
104,"Jake LaRavia","LAL","F","https://a.espncdn.com/i/headshots/nba/players/full/4592691.png",65.1266861568617,66.6443525767996,65.8778715413256,88.3129203655894,45.6865433855636,75.9839459814803,73.5120256950203
105,"DeMar DeRozan","SAC","SF","https://a.espncdn.com/i/headshots/nba/players/full/3978.png",76.8598906599579,76.9180579911427,78.9075894121205,49.6650406096455,83.7850396147516,46.2666964562166,73.4988107754295
106,"Michael Porter Jr.","BKN","F","https://a.espncdn.com/i/headshots/nba/players/full/4278104.png",79.7564138976843,88.2374046118425,57.4931751900034,66.3233355230524,76.3305880137826,44.8574636926856,73.4862587214473
107,"Dwight Powell","DAL","C","https://a.espncdn.com/i/headshots/nba/players/full/2531367.png",59.1455954495614,91.0601230068216,55.9430382983867,69.8612238546762,47.5480118742543,72.3129467295747,73.0730071099686
108,"Brandon Clarke","MEM","PF","https://a.espncdn.com/i/headshots/nba/players/full/3906665.png",79.2355601397366,63.7791734113286,49.9307211724773,78.8483414362382,62.4178999483457,79.3638782220279,73.0355945732665
109,"Jalen Smith","CHI","PF","https://a.espncdn.com/i/headshots/nba/players/full/4397189.png",72.7573302022031,73.2752181065802,51.6926150330921,88.1568177450687,74.8097600126239,58.5315747846173,72.9786682893206
110,"Mark Williams","PHX","C","https://a.espncdn.com/i/headshots/nba/players/full/4701232.png",73.4547543159001,58.9255300433009,58.4753911767223,89.7767745819246,61.1630055102629,70.5153650396948,72.9393939569361
111,"Jrue Holiday","POR","PG","https://a.espncdn.com/i/headshots/nba/players/full/3995.png",76.7841204590597,65.4389827722159,72.8796041587586,55.4143215008528,79.6445141712375,61.0749689174148,72.9009539430362
112,"Norman Powell","MIA","G","https://a.espncdn.com/i/headshots/nba/players/full/2595516.png",85.0102634798558,84.0826493312357,54.8884668514327,47.9411910917866,73.6116472570305,58.503485614636,72.7536802134548
113,"Khris Middleton","WSH","SF","https://a.espncdn.com/i/headshots/nba/players/full/6609.png",71.4510802363377,65.5793640371929,75.1609078820139,63.1323771310595,65.6160587605093,66.5279404308972,72.6744696236355
114,"Mike Conley","MIN","PG","https://a.espncdn.com/i/headshots/nba/players/full/3195.png",73.1407564568243,51.1711084128156,84.9227593960102,49.200803288024,76.7304307486119,69.8666533046733,72.5375298582267
115,"Aaron Gordon","DEN","PF","https://a.espncdn.com/i/headshots/nba/players/full/3064290.png",82.5103026920875,85.3729019233616,65.6632412315607,61.0185974445946,77.1961973517647,40.6180589876197,72.41743272003
116,"Isaiah Joe","OKC","SG","https://a.espncdn.com/i/headshots/nba/players/full/4395702.png",85.206801134621,77.9610530398664,56.1148037092128,51.9906660436182,87.5345997076535,50.7814694140385,72.4015885775628
117,"Chris Boucher","BOS","PF","https://a.espncdn.com/i/headshots/nba/players/full/3948153.png",74.553882125525,78.9675988280096,46.0399559357763,75.8103233941829,83.7030883456812,61.1691302656191,72.3441144024493
118,"Justin Champagnie","WSH","SF","https://a.espncdn.com/i/headshots/nba/players/full/4432907.png",53.8275138584826,79.823991457071,48.2600882242603,76.2292463883745,68.491114610193,84.0020447231317,72.2781584564898
119,"Luke Kennard","ATL","SG","https://a.espncdn.com/i/headshots/nba/players/full/3913174.png",67.3289244586209,78.3080743593257,74.4365168674476,52.2301894940821,80.5999092996267,53.9994566576472,71.9103833826818
120,"Donovan Clingan","POR","C","https://a.espncdn.com/i/headshots/nba/players/full/5105565.png",71.0558541931938,61.7474949318692,51.0611362688626,92.4708172248211,37.488217458724,86.3479718642404,71.8249059908449
121,"Donte DiVincenzo","MIN","SG","https://a.espncdn.com/i/headshots/nba/players/full/3934673.png",71.0979284644609,65.4900887885775,74.1611352354931,54.1392296233274,62.798053888528,71.9021374763227,71.1907950476823
122,"Andrew Wiggins","MIA","SF","https://a.espncdn.com/i/headshots/nba/players/full/3059319.png",64.0904052265633,68.4493137665506,60.6355209501708,76.6803645452404,76.6062429757758,65.8901494310541,70.9711103536151
123,"Deni Avdija","POR","SF","https://a.espncdn.com/i/headshots/nba/players/full/4683021.png",68.3483948625436,80.2882022289052,76.1799251411489,70.9241276583535,40.275516160108,59.8348726372935,70.8176178117459
124,"Dejounte Murray","NO","SG","https://a.espncdn.com/i/headshots/nba/players/full/3907497.png",56.7321756156707,41.8037293111822,85.5278056390161,61.6929179150279,60.4650336000216,88.1414895018344,70.6012158572184
125,"Zach LaVine","SAC","SG","https://a.espncdn.com/i/headshots/nba/players/full/3064440.png",67.792486699449,91.9012570314699,76.3598293693148,53.7991562854066,52.9038291647118,43.4261626176918,70.5435315803902
126,"Fred VanVleet","HOU","PG","https://a.espncdn.com/i/headshots/nba/players/full/2991230.png",71.9468374201776,48.4394219616268,82.8506055883507,49.115248917346,77.9610336393658,71.5186463501734,70.5187304953175
127,"Sam Hauser","BOS","SF","https://a.espncdn.com/i/headshots/nba/players/full/4065804.png",74.738726281543,85.4095801940422,48.0594978286247,55.266990008585,92.4005860007698,48.7978516470017,70.1657499835497
128,"Jaden McDaniels","MIN","PF","https://a.espncdn.com/i/headshots/nba/players/full/4431671.png",68.8991611258604,70.019154536009,57.1542832102314,61.8407743179025,65.3288883277133,77.5899860025288,70.0605667545698
129,"Cameron Johnson","DEN","SF","https://a.espncdn.com/i/headshots/nba/players/full/3138196.png",64.1490625174516,84.8013088435657,66.8285485405172,54.2840988157717,73.9740561322745,54.5433767104895,70.0506388011302
130,"John Collins","LAC","PF","https://a.espncdn.com/i/headshots/nba/players/full/3908845.png",74.3102315278213,81.0652107658117,52.3147561861693,76.251132940979,45.7912862184366,68.4423523457337,70.0302813085417
131,"Al Horford","BOS","C","https://a.espncdn.com/i/headshots/nba/players/full/3213.png",77.8711135394811,63.869950162064,57.1841973411085,67.912257249655,87.3478643509603,54.8810137265921,69.514892548161
132,"Kenrich Williams","OKC","SF","https://a.espncdn.com/i/headshots/nba/players/full/3133626.png",76.8522248305211,69.8690830101161,56.4812582498456,67.3535631046804,71.9578606752377,61.8021061980832,69.3459556229835
133,"Kelly Olynyk","SA","PF","https://a.espncdn.com/i/headshots/nba/players/full/2489663.png",62.1809441909272,70.0253163634368,68.2148210162909,91.179979917207,36.6175471822947,67.9547798437049,69.287840858352
134,"Lonzo Ball","CLE","PG","https://a.espncdn.com/i/headshots/nba/players/full/4066421.png",62.7713605249683,44.675606539082,68.0354824481593,56.4462365069937,73.7405701785205,89.9704468596373,69.1027405583462
135,"LaMelo Ball","CHA","PG","https://a.espncdn.com/i/headshots/nba/players/full/4432816.png",69.7000477681391,60.8167859597826,90.3428208378415,56.7030677106932,43.0413435780087,59.1655803998663,69.0974286269429
136,"Bobby Portis","MIL","F","https://a.espncdn.com/i/headshots/nba/players/full/3064482.png",76.1682136637142,58.62312451511,56.613839049373,83.4578875287958,78.3715254533803,56.8867989472047,69.0527395140866
137,"Julius Randle","MIN","PF","https://a.espncdn.com/i/headshots/nba/players/full/3064514.png",78.5498682144362,78.8331228813648,80.7403201490912,68.813177654037,42.2899422702338,43.4670589395328,69.0180655482688
138,"Tobias Harris","DET","F","https://a.espncdn.com/i/headshots/nba/players/full/6440.png",71.1631552824846,70.2437252548139,58.3657192873266,61.169137267269,78.7573829090079,63.8943756267923,68.9879816221316
139,"Ryan Rollins","MIL","G","https://a.espncdn.com/i/headshots/nba/players/full/4591725.png",66.5244044659089,69.2421665864977,63.7247843093002,53.2201462899096,51.8982974430893,82.9398053800689,68.8136494834698
140,"Derrick Jones Jr.","LAC","SF","https://a.espncdn.com/i/headshots/nba/players/full/3936099.png",73.0497800485473,81.124490929624,46.6492537653096,56.2623503212391,70.4734832202032,71.9966507625996,68.7886133631004
141,"Malik Monk","SAC","SG","https://a.espncdn.com/i/headshots/nba/players/full/4066262.png",70.5838274005357,66.7793239884426,86.2392201849531,50.8316641779613,51.9327620131436,57.3775872426196,68.7837246049333
142,"Joel Embiid","PHI","C","https://a.espncdn.com/i/headshots/nba/players/full/3059318.png",82.0215918860696,54.130078142791,65.9589552802234,75.741153989221,64.1029410653859,58.3600372641419,68.4233521023049
143,"Jeff Dowtin Jr.","PHI","G","https://a.espncdn.com/i/headshots/nba/players/full/4066786.png",63.2435345133177,60.5405866557079,61.7040983324072,48.4591025330462,93.6582856290545,68.7515240874589,68.0747976795644
144,"Richaun Holmes","WSH","F","https://a.espncdn.com/i/headshots/nba/players/full/2993370.png",75.4199137472692,64.5076557385473,51.9075917227921,85.9879807029047,71.6838187981205,56.0717657612091,67.9594023349243
145,"Quentin Grimes","PHI","SG","https://a.espncdn.com/i/headshots/nba/players/full/4397014.png",55.4954484735259,78.6039853313313,70.084413573242,70.135075017274,55.4906113585047,61.5270789609136,67.6993986123586
146,"Isaiah Stewart","DET","C","https://a.espncdn.com/i/headshots/nba/players/full/4432810.png",64.6261141807059,72.8925857175933,58.2375366772553,78.8144661301995,42.6073002470652,74.9247520749228,67.6541536723151
147,"Luguentz Dort","OKC","G","https://a.espncdn.com/i/headshots/nba/players/full/4397020.png",80.2199153834058,66.8546169849447,52.9825508832534,55.8545160428438,72.7777349102241,67.80065265814,67.5252447679193
148,"Harrison Barnes","SA","SF","https://a.espncdn.com/i/headshots/nba/players/full/6578.png",63.7558484963124,88.8813773479847,55.1580793866982,55.5808422920657,92.5537594094918,40.6004573127001,67.3043523101337
149,"Paolo Banchero","ORL","PF","https://a.espncdn.com/i/headshots/nba/players/full/4432573.png",76.5987620089528,65.1344701724655,73.5124473466955,65.9844932256678,64.1349398144075,49.3599848604855,67.1893246599187
150,"Jaxson Hayes","LAL","C","https://a.espncdn.com/i/headshots/nba/players/full/4397077.png",71.2756419034512,77.6850058124867,49.2545371568317,73.2068932005835,48.1056886896134,72.0485667578365,66.9907426147229
151,"Paul George","PHI","F","https://a.espncdn.com/i/headshots/nba/players/full/4251.png",60.1042919311979,56.3872638505099,69.9692839920099,57.0141842580255,55.3331151839214,84.8436073609438,66.9265894457924
152,"Jared Butler","PHX","SG","https://a.espncdn.com/i/headshots/nba/players/full/4395695.png",60.6989004183254,56.1210883774565,83.5388496664027,59.0011883246451,58.7515585783105,66.6815027337583,66.7637075670688
153,"Sam Merrill","CLE","SG","https://a.espncdn.com/i/headshots/nba/players/full/4066757.png",70.3141556339252,74.8152898995218,55.8479261295664,50.8353877809938,80.568264435272,62.2887512265283,66.4881324668516
154,"Aaron Nesmith","IND","SF","https://a.espncdn.com/i/headshots/nba/players/full/4396909.png",73.3641616977885,83.5855798198892,48.3753476395301,57.4549221239648,71.8483723032173,57.2572781232054,66.0186092386701
155,"Andrew Nembhard","IND","PG","https://a.espncdn.com/i/headshots/nba/players/full/4395712.png",66.4176757335282,56.7576038065933,84.3218909791374,50.5322396861604,56.5119427110927,64.9822332148689,65.9971694877181
156,"Jaylen Clark","MIN","G","https://a.espncdn.com/i/headshots/nba/players/full/4432247.png",59.7554983104384,61.2385914717614,47.0930564992068,51.1577482243362,78.9810605986388,89.8935390846155,65.9515346044491
157,"D'Angelo Russell","DAL","PG","https://a.espncdn.com/i/headshots/nba/players/full/3136776.png",62.7616601922187,51.2978519220156,85.9636494987913,54.7958189998421,61.27891040434,65.5539841230253,65.9205844504866
158,"Dean Wade","CLE","PF","https://a.espncdn.com/i/headshots/nba/players/full/3912848.png",66.1334046123401,71.2779699580289,51.3652483989511,63.8970528736585,84.96029599204,60.5440972241706,65.6578363692744
159,"Miles McBride","NY","PG","https://a.espncdn.com/i/headshots/nba/players/full/4431823.png",68.9968449876769,50.9344474460118,67.9427669272009,49.6687783624144,87.5113636265056,67.8791416045487,65.3466518466518
160,"Coby White","CHI","PG","https://a.espncdn.com/i/headshots/nba/players/full/4395651.png",60.0318824523293,83.0028973689394,79.7459087814259,49.572125125586,55.1857875464379,49.4366534106821,65.3158572990884
161,"Zeke Nnaji","DEN","PF","https://a.espncdn.com/i/headshots/nba/players/full/4431690.png",56.7090583768496,61.9207137733561,45.4923764759751,57.6952197763431,75.8882517681096,89.9793339920153,65.2754466516416
162,"Max Strus","CLE","SG","https://a.espncdn.com/i/headshots/nba/players/full/4065778.png",69.4620525342548,80.498758497431,67.0471323344525,59.8448277086506,70.9944418837299,43.762254258436,65.1949218570977
163,"Nic Claxton","BKN","C","https://a.espncdn.com/i/headshots/nba/players/full/4278067.png",47.3496091871328,61.6940178457672,60.1770142803969,77.7344358900461,63.4118158823049,80.3370836141685,64.7685102147015
164,"Marcus Sasser","DET","G","https://a.espncdn.com/i/headshots/nba/players/full/4432107.png",64.6934599770946,66.0126113814821,71.8758726760803,47.349051158299,62.3975919088919,68.8811122962194,64.647132349797
165,"Naji Marshall","DAL","SF","https://a.espncdn.com/i/headshots/nba/players/full/4278594.png",59.2352088655432,73.3851223592848,67.9042586832712,59.7419983633049,67.3394529344077,58.1893058359441,64.5145835236267
166,"Rui Hachimura","LAL","PF","https://a.espncdn.com/i/headshots/nba/players/full/4066648.png",69.0354953312262,81.3426127830267,49.4958760399531,58.0983142968694,86.6196507956175,48.8799060302785,64.4323934481173
167,"Trayce Jackson-Davis","GS","F","https://a.espncdn.com/i/headshots/nba/players/full/4431684.png",71.2081046438722,45.136000189656,60.5078604235394,85.6238478099161,74.3913893369672,62.2154466495029,64.3892793640354
168,"Jose Alvarado","NO","PG","https://a.espncdn.com/i/headshots/nba/players/full/4277869.png",51.0016405459907,47.5239510622777,82.9665752450252,48.8281019149908,69.7426791144302,81.0676786037924,64.3455963611498
169,"Jarred Vanderbilt","LAL","PF","https://a.espncdn.com/i/headshots/nba/players/full/4278077.png",62.292444874656,49.8916603416909,50.6903703773661,84.3321389070719,46.3695538795909,88.4914693209668,64.2700253941055
170,"Kevin Huerter","CHI","SG","https://a.espncdn.com/i/headshots/nba/players/full/4066372.png",60.7259827892953,65.6259698111333,61.6827120046064,58.5462955268983,76.1407957140114,66.2817105952542,64.2475448181132
171,"Miles Bridges","CHA","SF","https://a.espncdn.com/i/headshots/nba/players/full/4066383.png",60.0663287935134,65.5425331908133,72.8685713685463,69.0113564820767,73.1150844081208,50.4382725208537,64.1962507157822
172,"Marcus Smart","LAL","PG","https://a.espncdn.com/i/headshots/nba/players/full/2990992.png",60.6880966129013,45.063509279922,69.6506937688536,60.1906248509852,62.1027614385713,85.0769538861874,64.0984718792557
173,"De'Andre Hunter","CLE","SF","https://a.espncdn.com/i/headshots/nba/players/full/4065732.png",71.6922778222278,81.5651989912649,51.2006663833923,66.0733605201703,67.8149097124396,50.4701364976296,64.0965985333477
174,"Dorian Finney-Smith","HOU","PF","https://a.espncdn.com/i/headshots/nba/players/full/2578185.png",67.3891455823992,72.652826737935,50.6011612416356,74.4666133410933,72.1907969762496,56.6650973144854,64.0300276066175
175,"Trey Murphy III","NO","SG","https://a.espncdn.com/i/headshots/nba/players/full/4397688.png",53.4515355086348,78.2637866518677,65.3420294486517,54.9066404758812,73.4899901331562,59.4240018731539,63.9886097510976
176,"Guerschon Yabusele","NY","F","https://a.espncdn.com/i/headshots/nba/players/full/4017844.png",58.9556407890974,82.0055559697029,58.6869142260914,67.8237880270167,59.9246778213158,55.1997150198212,63.7945593207932
177,"Jeremy Sochan","SA","F","https://a.espncdn.com/i/headshots/nba/players/full/4610139.png",63.3466912884847,69.2746047468528,59.8987045577259,76.4705920199092,52.6727630568536,62.0915250561047,63.5852013440814
178,"Devin Vassell","SA","SG","https://a.espncdn.com/i/headshots/nba/players/full/4395630.png",51.5949816778318,66.8269330648575,63.4625172125035,52.1850761131041,80.9011602449542,71.6620172358591,63.5471780887058
179,"RJ Barrett","TOR","SG","https://a.espncdn.com/i/headshots/nba/players/full/4395625.png",62.5544087225712,68.6051876927682,83.12888896146,62.7658990599089,52.3500317728609,47.2044184170331,63.4012806084338
180,"Craig Porter Jr.","CLE","G","https://a.espncdn.com/i/headshots/nba/players/full/4701233.png",58.4752252600424,70.6193887277827,63.3552245741182,53.9456946477966,67.3209582242299,67.8072969744925,63.3512294307234
181,"Jalen Green","PHX","SG","https://a.espncdn.com/i/headshots/nba/players/full/4437244.png",73.1518637375195,72.1877477832074,72.3179804337527,53.6019561304807,57.7984350818783,49.2611647459684,63.3002801585707
182,"Immanuel Quickley","TOR","SG","https://a.espncdn.com/i/headshots/nba/players/full/4395724.png",69.7029534134491,56.9994670286243,81.7470567874016,52.060438058753,79.5070605932355,45.5830278192987,63.2298499384352
183,"Jabari Walker","PHI","F","https://a.espncdn.com/i/headshots/nba/players/full/4432446.png",65.8339402170397,70.0423360045093,47.6215580975928,78.3986434633005,56.5823031022674,68.7663531357127,63.1864871012566
184,"Toumani Camara","POR","F","https://a.espncdn.com/i/headshots/nba/players/full/4431736.png",53.9908645600433,70.6317814860718,58.9894118783547,62.9402097191516,54.5108554927581,76.8448577788912,62.9950019539903
185,"Cameron Payne","NY","PG","https://a.espncdn.com/i/headshots/nba/players/full/3064230.png",71.6610984384277,48.9904693787681,79.5461678363899,47.8963849452108,69.9363536968848,62.5170099659524,62.9805337225853
186,"Colby Jones","DET","G","https://a.espncdn.com/i/headshots/nba/players/full/4433378.png",51.511760264219,51.2903506686326,53.0304254688404,76.1073149812143,73.1020194019619,84.1534850288707,62.8267733789986
187,"Clint Capela","HOU","C","https://a.espncdn.com/i/headshots/nba/players/full/3102529.png",68.5096041458536,42.3430310416496,49.4340794452623,92.0345809065969,70.0078874608095,71.8011205449814,62.7179360440986
188,"Malik Beasley","DET","SG","https://a.espncdn.com/i/headshots/nba/players/full/3907822.png",71.847430068566,75.0156794878498,55.3372502795943,48.2135667584912,84.2742134815253,51.216840083628,62.6182129966407
189,"P.J. Washington","DAL","PF","https://a.espncdn.com/i/headshots/nba/players/full/4278078.png",65.0382705661491,62.5556879917751,56.4645587257341,70.317614484183,55.2122236897977,71.2311824291043,62.5369563700442
190,"Jalen Suggs","ORL","SG","https://a.espncdn.com/i/headshots/nba/players/full/4432165.png",63.8584290600356,52.3619900685981,65.7961071638424,54.2063986711219,44.4264199510568,87.2682991017719,62.484330887974
191,"Cody Martin","PHX","SF","https://a.espncdn.com/i/headshots/nba/players/full/3138161.png",51.5892913547991,47.1784015348387,57.6272238915296,80.7369691170153,68.1514437682721,82.6271070290277,62.3268461630801
192,"Terance Mann","BKN","SG","https://a.espncdn.com/i/headshots/nba/players/full/3907823.png",53.6766794122788,70.0702122705452,58.0695769053816,76.6168687193284,73.1765794751601,57.1120110646447,62.2929090095413
193,"Javonte Green","DET","G","https://a.espncdn.com/i/headshots/nba/players/full/2596112.png",46.4775126788237,52.7530113187008,48.0133485417859,79.3075261005379,79.1945469068037,84.8859782140595,61.6344790196418
194,"Bradley Beal","LAC","SG","https://a.espncdn.com/i/headshots/nba/players/full/6580.png",53.4186805613813,77.569758387412,68.0295053986652,49.3616914002642,62.9668583314007,61.4684759918904,61.4977379508544
195,"Mason Plumlee","CHA","C","https://a.espncdn.com/i/headshots/nba/players/full/2488653.png",67.2175643538032,55.5788224654338,61.8460980329472,86.2528003976443,44.4818143604234,62.3376977328689,61.4085234451641
196,"Grayson Allen","PHX","SG","https://a.espncdn.com/i/headshots/nba/players/full/3135045.png",58.2823420244166,75.0355392195696,59.6758091432557,52.1693621305312,71.959148697504,60.1520840208261,61.1491332437752
197,"Davion Mitchell","MIA","PG","https://a.espncdn.com/i/headshots/nba/players/full/4278053.png",53.4526902906616,65.7467942269363,86.5655539729815,52.7365304310623,44.8908101019084,58.2781327267756,61.0686524572839
198,"Adem Bona","PHI","C","https://a.espncdn.com/i/headshots/nba/players/full/5105637.png",63.8340829125881,73.791942911102,44.7658682889303,78.6742955698627,33.3945855866585,86.1893063985446,61.0222223133431
199,"Nicolas Batum","LAC","PF","https://a.espncdn.com/i/headshots/nba/players/full/3416.png",60.4706359661417,65.0600786428307,51.9557144922698,57.6853344827717,73.2102515663902,72.021322777415,60.9420800916618
200,"Jordan Goodwin","PHX","G","https://a.espncdn.com/i/headshots/nba/players/full/4278402.png",57.3590186028786,49.6512287992739,51.7184533864154,67.4459146799136,66.0392194358549,86.0398661542303,60.8955885982385
201,"Deandre Ayton","LAL","C","https://a.espncdn.com/i/headshots/nba/players/full/4278129.png",64.4395757922473,59.5928098978622,49.594955387186,85.7625019697283,65.0283638782195,60.5054800426443,60.8553431077636
202,"Nickeil Alexander-Walker","ATL","SG","https://a.espncdn.com/i/headshots/nba/players/full/4278039.png",69.3041885002924,68.3732071029255,68.8064897661198,52.7497833991734,66.007468175512,50.1082423428068,60.7893521430004
203,"Precious Achiuwa","NY","PF","https://a.espncdn.com/i/headshots/nba/players/full/4431679.png",59.5675461336449,49.059620302123,48.283402492216,77.6064379301425,74.1599919229524,79.3503752834366,60.7476744691473
204,"Jaime Jaquez Jr.","MIA","G","https://a.espncdn.com/i/headshots/nba/players/full/4432848.png",56.625280966905,53.9178309597855,67.1419843367061,67.5563547544258,60.6943205533312,70.6816624303102,60.7016523336534
205,"Moses Moody","GS","SG","https://a.espncdn.com/i/headshots/nba/players/full/4432171.png",64.7926798445253,66.3888306721796,52.2154480428617,51.4703926293432,81.1749510072163,64.9347138699727,60.691362144448
206,"Tristan Vukcevic","WSH","PF","https://a.espncdn.com/i/headshots/nba/players/full/4997537.png",66.6005604251344,71.4325437314438,51.3471649549325,72.5637646944669,51.909581635017,62.5838394070902,60.6888340599187
207,"Spencer Dinwiddie","CHA","PG","https://a.espncdn.com/i/headshots/nba/players/full/2580782.png",50.668889234154,59.2581077844518,84.2858253394965,47.882503746191,75.4304019608326,55.1069477010432,60.5345122431641
208,"Buddy Hield","GS","SG","https://a.espncdn.com/i/headshots/nba/players/full/2990984.png",64.9969732802445,67.4780716040312,56.7491213175113,54.6812523104841,70.1429742555063,62.6933432130241,60.5225091992278
209,"Royce O'Neale","PHX","PF","https://a.espncdn.com/i/headshots/nba/players/full/2583632.png",52.5258425118487,64.6694324861916,61.4730799897175,61.5960100075427,72.3810283978916,65.6168366727418,60.2316632304593
210,"Ayo Dosunmu","CHI","SG","https://a.espncdn.com/i/headshots/nba/players/full/4397002.png",49.6688511751866,71.6568139305449,74.4717062504468,50.6542363695806,70.823333185833,55.6095024435388,59.9715748278016
211,"Kentavious Caldwell-Pope","MEM","SG","https://a.espncdn.com/i/headshots/nba/players/full/2581018.png",53.1744797939932,70.4257148619074,54.9545668697178,45.7096277474782,80.7899264154951,71.9652247606438,59.9657923213537
212,"Neemias Queta","BOS","C","https://a.espncdn.com/i/headshots/nba/players/full/4397424.png",75.3423907486788,62.563650709515,48.4092061408513,79.1090103431664,46.3213054907851,64.1136081102921,59.891296887559
213,"Jordan Poole","NO","SG","https://a.espncdn.com/i/headshots/nba/players/full/4277956.png",45.6446734508744,77.8592244769243,80.4741687255955,48.7602080860145,37.6885240824234,70.6142018572587,59.5361837838227
214,"Cam Whitmore","WSH","F","https://a.espncdn.com/i/headshots/nba/players/full/5105592.png",66.5053584574856,56.6722839591953,49.5840646515639,61.7561590968946,82.5718729397659,65.2248555739527,59.4932030631308
215,"Peyton Watson","DEN","F","https://a.espncdn.com/i/headshots/nba/players/full/4576087.png",55.10681444228,61.6743029281433,51.8814709961648,54.6243128823553,74.1717458890097,77.7960465875334,59.409112999807
216,"Keegan Murray","SAC","SF","https://a.espncdn.com/i/headshots/nba/players/full/4594327.png",59.8251903140272,69.2761984892945,50.6316380825558,64.5073835732313,82.9960533653949,54.4483673591308,59.1945974800074
217,"Anfernee Simons","BOS","SG","https://a.espncdn.com/i/headshots/nba/players/full/4351851.png",54.897139460656,70.2040926604512,81.7374396377297,46.3605531522955,70.5130295719014,45.6564414508845,58.9949907424088
218,"Keldon Johnson","SA","SF","https://a.espncdn.com/i/headshots/nba/players/full/4395723.png",56.7413520388546,71.5542799792248,55.537067138212,66.0407603382684,79.7367404251075,50.5427373584956,58.9728485565218
219,"Jarace Walker","IND","F","https://a.espncdn.com/i/headshots/nba/players/full/5106060.png",51.3888529248394,68.7302709290325,58.4762445700675,61.3681118105748,47.2271976960406,77.5402035963996,58.8939179188715
220,"Jonathan Kuminga","GS","PF","https://a.espncdn.com/i/headshots/nba/players/full/4433247.png",67.5801158443002,54.212299876165,57.7848741211203,63.2480963737588,71.5684785667062,61.5278356591541,58.7156603344873
221,"Steven Adams","HOU","C","https://a.espncdn.com/i/headshots/nba/players/full/2991235.png",76.8491600965739,38.01985357204,54.0669341477594,94.2170211769898,48.5099772101515,64.6720960034771,58.6413078455403
222,"Nick Richards","PHX","C","https://a.espncdn.com/i/headshots/nba/players/full/4278076.png",58.4224552071555,53.3203744740098,46.9441969802884,98.4402068001391,40.278707273323,50.2081385983416,58.464243761787
223,"Isaac Okoro","CHI","SF","https://a.espncdn.com/i/headshots/nba/players/full/4432822.png",66.1862957561729,68.4468542663821,51.4420341273137,53.7274450575957,78.7830777472439,56.3399959912346,58.2697277877309
224,"Ochai Agbaji","TOR","G","https://a.espncdn.com/i/headshots/nba/players/full/4397018.png",48.7838457543869,77.4800534206054,52.0651224700161,54.9389460569909,78.7809128131346,61.0497256212775,57.8773284084105
225,"Ben Simmons","LAC","PG","https://a.espncdn.com/i/headshots/nba/players/full/3907387.png",56.2272855433748,36.7668582396207,90.2648432943716,82.6816453565905,39.1770983962394,63.6769184912422,57.8097649435304
226,"Gui Santos","GS","F","https://a.espncdn.com/i/headshots/nba/players/full/4997536.png",64.5143347261826,67.0037911931833,58.4424172798841,72.2409212562997,45.9283839534479,58.021170587112,57.8095492055869
227,"Haywood Highsmith","BKN","F","https://a.espncdn.com/i/headshots/nba/players/full/4291678.png",55.455152770912,69.1991181695668,53.7155072109393,55.2196707117292,66.4385677290416,67.8361187605156,57.6668010874044
228,"Julian Champagnie","SA","F","https://a.espncdn.com/i/headshots/nba/players/full/4592479.png",55.2847191753586,68.6641537922344,53.0285429700193,58.4328312036661,78.3226308838502,59.3940421713134,57.5017216832964
229,"Trey Lyles","SAC","PF","https://a.espncdn.com/i/headshots/nba/players/full/3136196.png",55.3940667242705,59.9275904390131,51.731728366615,70.5501957923901,83.7825737768156,57.3466954550296,57.4057927491551
230,"Cole Anthony","MIL","PG","https://a.espncdn.com/i/headshots/nba/players/full/4432809.png",62.5563337622617,51.7631931273828,74.2364460942474,58.748576228567,42.3094273480516,69.9258398498437,57.4001064264174
231,"CJ McCollum","WSH","SG","https://a.espncdn.com/i/headshots/nba/players/full/2490149.png",54.5068995968625,68.0964244882612,71.7406153541749,50.9870903989933,73.1675317957603,49.5178314553133,57.3439158040678
232,"DeAndre Jordan","DEN","C","https://a.espncdn.com/i/headshots/nba/players/full/3442.png",64.0409571257854,52.5096305903275,52.2934429963808,91.868643852119,44.2133720019709,61.3146396132882,57.3033518940681
233,"Kyle Filipowski","UTAH","F","https://a.espncdn.com/i/headshots/nba/players/full/4684793.png",49.0706470844597,76.4624626642999,60.4192007442165,78.9316672127452,43.1009175407065,57.269730488466,57.2691939781443
234,"Brandon Boston","NO","SG","https://a.espncdn.com/i/headshots/nba/players/full/4432162.png",53.3595330160951,50.8784302657335,57.2586611990178,53.8427623464913,73.5039822963319,79.7451273143775,57.157594631585
235,"Delon Wright","NY","SG","https://a.espncdn.com/i/headshots/nba/players/full/3064447.png",51.2335747803167,34.6691535843363,60.943848674446,69.4357490371189,87.4780470086058,85.5225172496163,57.0544448669121
236,"Dalano Banton","POR","G","https://a.espncdn.com/i/headshots/nba/players/full/4397885.png",57.4735102526268,43.2340021987268,70.2811027456674,51.8701708485221,71.6745855205559,74.634251514173,56.8225153530314
237,"Kelly Oubre Jr.","PHI","SG","https://a.espncdn.com/i/headshots/nba/players/full/3133603.png",50.2532520433036,63.6262303686763,52.0350002455523,61.2232163869625,68.7585463141564,72.6696442905612,56.6333028120517
238,"Ajay Mitchell","OKC","G","https://a.espncdn.com/i/headshots/nba/players/full/4900671.png",63.7072297040224,63.4774544257101,57.7194531805879,51.2811061215404,59.3757604851217,65.3314846956549,56.5712683140489
239,"Keaton Wallace","ATL","G","https://a.espncdn.com/i/headshots/nba/players/full/4279118.png",52.5113675584785,42.2888861394215,67.9486890057716,48.4687209167229,66.2796289344041,85.6945669895086,56.5078306699601
240,"Collin Sexton","CHA","G","https://a.espncdn.com/i/headshots/nba/players/full/4277811.png",56.1813920726373,76.8616538974116,78.0739455660822,49.5355390638221,47.1551754877884,46.6670707859318,56.4814745243008
241,"Anthony Black","ORL","G","https://a.espncdn.com/i/headshots/nba/players/full/4712849.png",55.0476111468921,49.7740141545931,73.1236507495574,52.0984788305984,44.4394930906293,79.7607824458756,56.3420834156032
242,"Orlando Robinson","ORL","C","https://a.espncdn.com/i/headshots/nba/players/full/4593049.png",56.0149844327978,44.9655983373817,57.4335653368891,97.5835151636513,45.7839785355428,50.1567167333153,56.3250349069515
243,"Stephon Castle","SA","G","https://a.espncdn.com/i/headshots/nba/players/full/4845367.png",51.4882104665396,57.6063229727799,82.2904764091849,55.173961376546,48.6995576011788,58.0359199495524,56.1821809911137
244,"Gary Trent Jr.","MIL","SG","https://a.espncdn.com/i/headshots/nba/players/full/4277843.png",60.2821110646315,66.321563976017,49.9368920152878,47.013732694556,87.9550538346959,57.9876303846695,56.1748536425776
245,"Quinten Post","GS","C","https://a.espncdn.com/i/headshots/nba/players/full/4593016.png",65.4380076251017,65.7001830337288,53.2106702004839,67.2287038973561,59.885685310124,54.2882091042976,56.1107676257327
246,"Wendell Carter Jr.","ORL","C","https://a.espncdn.com/i/headshots/nba/players/full/4277847.png",61.2884045400382,55.2283829067757,57.436633462346,78.676593013762,52.5229440468871,59.9856537688195,56.0172408466307
247,"Alec Burks","MIA","SG","https://a.espncdn.com/i/headshots/nba/players/full/6429.png",64.801785937077,57.7342247904648,50.5508515969869,54.1717657307912,88.8319058541434,54.8183838597602,56.0085492607922
248,"Shaedon Sharpe","POR","SG","https://a.espncdn.com/i/headshots/nba/players/full/4914336.png",57.7969852848818,72.1860668707963,63.7810109243448,55.1940898501214,64.4777614065808,49.0818355149118,56.0083705095902
249,"Scoot Henderson","POR","G","https://a.espncdn.com/i/headshots/nba/players/full/4683678.png",57.3517538455972,55.780746158502,86.5335388216454,51.072067107891,36.80154096115,61.7820598997508,55.9766671285176
250,"Kessler Edwards","DEN","F","https://a.espncdn.com/i/headshots/nba/players/full/4397693.png",49.5131181308594,66.3977422641517,50.5397076282866,62.0912861520437,72.4909098166254,67.6315207201046,55.7964789129123
251,"Talen Horton-Tucker","CHI","SF","https://a.espncdn.com/i/headshots/nba/players/full/4396991.png",63.1353926711665,59.2084072432137,60.230826540817,54.1141441535611,74.0352670945666,54.750997564668,55.744170915444
252,"Andre Drummond","PHI","C","https://a.espncdn.com/i/headshots/nba/players/full/6585.png",56.4712798443945,42.4889731398613,46.9439601129328,92.6631029970826,39.2392892613941,84.8375718564152,55.381480204214
253,"Cory Joseph","ORL","PG","https://a.espncdn.com/i/headshots/nba/players/full/6446.png",56.6923945843664,49.7388069616702,59.9690542482232,51.9911481353065,81.710308892211,65.9821953882119,55.0468739772062
254,"Brandon Ingram","TOR","SF","https://a.espncdn.com/i/headshots/nba/players/full/3913176.png",61.9836210806687,57.8452848949543,67.8881503052871,58.423633680919,56.1004642232099,54.1397503606848,54.8321987412682
255,"Matas Buzelis","CHI","F","https://a.espncdn.com/i/headshots/nba/players/full/4711294.png",57.3070525098069,66.1081227703573,50.350927722543,61.3594639540185,63.8856557409059,62.6350381253878,54.7354979389311
256,"Herbert Jones","NO","SF","https://a.espncdn.com/i/headshots/nba/players/full/4277813.png",53.0569504811677,49.6365707480341,56.6815779648119,52.3777361156681,55.6367953440701,85.1227026461756,54.6808190500678
257,"Jae'Sean Tate","HOU","SF","https://a.espncdn.com/i/headshots/nba/players/full/3136777.png",60.7823649484026,54.0665125457441,52.4002346998944,67.6537800657979,53.2726430398175,71.185968861477,54.6434937336435
258,"Jaden Ivey","DET","PG","https://a.espncdn.com/i/headshots/nba/players/full/4433218.png",61.6845420113866,61.1392304331742,65.7289901192565,55.5367075462192,53.6510025308276,55.6295942633521,54.4314444408137
259,"Blake Wesley","POR","G","https://a.espncdn.com/i/headshots/nba/players/full/4683935.png",52.482834555044,43.4536783979173,71.068655782047,47.9946557897688,58.4997626427751,80.3980254548653,53.9269671179121
260,"Jalen Pickett","DEN","G","https://a.espncdn.com/i/headshots/nba/players/full/4398390.png",57.3072954039579,49.7913046667549,69.573830951844,49.8478495001461,86.3753445508302,50.2756724744325,53.8682475329039
261,"Duncan Robinson","DET","F","https://a.espncdn.com/i/headshots/nba/players/full/3157465.png",60.3418221245027,75.4921826077091,64.0221861817103,47.5048352660807,68.0462790195912,43.0507047601758,53.7802471952122
262,"Taurean Prince","MIL","PF","https://a.espncdn.com/i/headshots/nba/players/full/2990962.png",51.6242162980334,71.880438880131,58.0990245766474,52.5788105554301,63.0173866024043,57.2189133039534,53.7077079347427
263,"Jabari Smith Jr.","HOU","PF","https://a.espncdn.com/i/headshots/nba/players/full/4432639.png",70.8814468138681,62.0928174498841,47.0119904213154,70.4878625175943,76.1330898411355,44.605234952257,53.6267047960499
264,"Shake Milton","LAL","SG","https://a.espncdn.com/i/headshots/nba/players/full/3915195.png",52.3372905775176,56.5113608682818,62.7773684036433,69.0421243008522,72.1185052348312,50.3537161945871,53.3376329124708
265,"Klay Thompson","DAL","SG","https://a.espncdn.com/i/headshots/nba/players/full/6475.png",56.4282971676957,60.551343830691,57.7846727476682,52.1384999470144,83.5357246636898,50.9149439811603,53.3021651041029
266,"Daniel Theis","OKC","C","https://a.espncdn.com/i/headshots/nba/players/full/2451037.png",55.2450042262474,50.6475085331743,55.7680623965268,75.5794400678772,57.2507454214212,64.4481683361222,53.1589255231
267,"Lauri Markkanen","UTAH","PF","https://a.espncdn.com/i/headshots/nba/players/full/4066336.png",58.0951354204968,66.733108431146,49.1696233504952,63.0381993411188,83.9093693354882,46.2120423725578,53.1489461659789
268,"Olivier-Maxence Prosper","MEM","F","https://a.espncdn.com/i/headshots/nba/players/full/4595400.png",54.5248136508008,37.7178337853766,50.3409285521952,69.2648485868173,92.477307357011,70.6209069032831,53.0827863270652
269,"Bennedict Mathurin","IND","SG","https://a.espncdn.com/i/headshots/nba/players/full/4683634.png",66.1877497277962,71.0674235332085,55.5165391502193,60.8673313026791,55.0110152609533,45.6404350916532,52.9224971707865
270,"Georges Niang","UTAH","SF","https://a.espncdn.com/i/headshots/nba/players/full/2990969.png",64.8360918221916,78.5976205201036,54.2306802116959,69.1685100722366,50.4003127201502,40.5697490691067,52.9053075391154
271,"Malcolm Brogdon","WSH","PG","https://a.espncdn.com/i/headshots/nba/players/full/2566769.png",61.5950264157806,45.7955591649274,71.0959079116767,58.1823195268954,82.3860983668407,45.7096063240976,52.8831264262796
272,"Max Christie","DAL","G","https://a.espncdn.com/i/headshots/nba/players/full/4432582.png",50.5649938607439,62.5680392724,57.0242784334645,58.7331929694567,73.0822094642693,55.6509547305862,52.5512366328134
273,"Aaron Holiday","HOU","G","https://a.espncdn.com/i/headshots/nba/players/full/3922230.png",62.3693306433856,63.9261053669493,58.6155074589625,48.479988318339,73.5487513704052,48.7843594688397,52.4340284292838
274,"Julian Phillips","CHI","F","https://a.espncdn.com/i/headshots/nba/players/full/5105553.png",54.7771561233665,63.0489424627781,45.9145950938594,58.4833629514295,76.3684035580418,61.9681440699664,52.3012767880987
275,"Kyle Lowry","PHI","PG","https://a.espncdn.com/i/headshots/nba/players/full/3012.png",49.783646500071,40.0427992843485,66.3245255047308,48.8663149590718,73.3055222713402,80.0830494735947,52.087847865064
276,"Jeremiah Robinson-Earl","NO","F","https://a.espncdn.com/i/headshots/nba/players/full/4432813.png",46.3715012450811,61.0451921075565,53.6246777429698,75.6483847263232,74.7195945721917,52.4440841432658,52.0670125313849
277,"Cam Thomas","BKN","SG","https://a.espncdn.com/i/headshots/nba/players/full/4432174.png",68.5901928773357,60.6745050763745,61.9432812777013,49.5788928695384,78.2643180421619,40.5642108967429,51.6039213068374
278,"Jordan Clarkson","NY","G","https://a.espncdn.com/i/headshots/nba/players/full/2528426.png",54.855781578719,50.7818020832955,68.871241547826,52.081407293166,69.5146687026358,55.2433901398481,51.587291106133
279,"Dalton Knecht","LAL","G","https://a.espncdn.com/i/headshots/nba/players/full/4897943.png",56.3113399815867,76.5037763548254,48.5144224773857,54.8644661805134,88.6227903038289,39.4605617677185,51.5826500874025
280,"Pat Connaughton","CHA","SG","https://a.espncdn.com/i/headshots/nba/players/full/2578239.png",57.5142420071293,60.7816514723556,59.5746531576491,60.4837070348634,79.5705455193497,42.7749018782128,51.5724283108702
281,"Jonathan Mogbo","TOR","F","https://a.espncdn.com/i/headshots/nba/players/full/5107897.png",47.6906918771146,40.9483990373925,64.4351914739703,73.6815141553469,51.0504178972359,77.3727911255866,51.4584430989395
282,"Jared McCain","PHI","G","https://a.espncdn.com/i/headshots/nba/players/full/4683778.png",64.5991078496902,63.9935005843938,56.5155022641689,48.4020782491554,79.0727971282304,44.091254095657,51.3720303273789
283,"Eric Gordon","PHI","SG","https://a.espncdn.com/i/headshots/nba/players/full/3431.png",51.9110101065865,57.0370570735016,54.2340422351231,44.0663015027898,87.0917698425282,60.7155619280777,51.3690179599584
284,"Zaccharie Risacher","ATL","PF","https://a.espncdn.com/i/headshots/nba/players/full/5211175.png",53.0899699529978,67.9557933212665,50.7809213010227,56.7145501340148,65.4822964918196,56.5204841320934,51.1438877281633
285,"Jaylen Wells","MEM","F","https://a.espncdn.com/i/headshots/nba/players/full/5112087.png",62.4874511137045,64.3566292243853,55.8893428678426,54.450207972292,77.7506918795821,42.6080924169848,51.0811060868063
286,"Jamal Cain","ORL","F","https://a.espncdn.com/i/headshots/nba/players/full/4278572.png",50.8065972596089,51.9462524644654,46.1539203835181,60.6939100378932,69.4386008036147,76.285144923991,51.0382861253374
287,"Brandon Miller","CHA","F","https://a.espncdn.com/i/headshots/nba/players/full/4433287.png",57.0623974595688,52.4793676791507,59.8484018222179,54.6655718547546,61.6198659009491,61.2078540364525,50.9252318976313
288,"Ben Sheppard","IND","G","https://a.espncdn.com/i/headshots/nba/players/full/4433076.png",48.8669647416897,62.2267933751814,53.1477664579184,55.6377313085383,79.9020262227309,54.8301647327727,50.7532529321133
289,"Seth Curry","CHA","SG","https://a.espncdn.com/i/headshots/nba/players/full/2326307.png",50.8723433473622,71.4043025867153,49.8359136761562,49.8287459747599,87.1031247514131,46.8533200107367,50.6603197307659
290,"Dillon Brooks","PHX","SF","https://a.espncdn.com/i/headshots/nba/players/full/3155526.png",64.8253002656368,64.0809686135678,53.5153002261348,51.5294497070173,68.3317388257402,46.6305920160584,50.1444106827033
291,"Brice Sensabaugh","UTAH","F","https://a.espncdn.com/i/headshots/nba/players/full/5105839.png",49.0787329303006,75.2751935348101,55.936472205164,55.5034071500457,52.0373390430135,53.1145528832877,50.13080119687
292,"KJ Martin","UTAH","F","https://a.espncdn.com/i/headshots/nba/players/full/4431828.png",47.8871163197628,73.2491177743728,48.6462215332602,68.3802044921821,67.4598485185575,48.3656452319408,50.0293170472321
293,"Bruce Brown","DEN","SF","https://a.espncdn.com/i/headshots/nba/players/full/4065670.png",46.4016482324189,42.6270714546517,56.4796797804222,78.2686516704734,76.6489138620878,61.6195956215275,49.9143852574021
294,"Landry Shamet","NY","PG","https://a.espncdn.com/i/headshots/nba/players/full/3914044.png",56.1191052711423,72.4304381016785,45.4077120114671,46.3218809344766,83.6953056125712,49.5927876887715,49.9070799282078
295,"Caleb Martin","DAL","SF","https://a.espncdn.com/i/headshots/nba/players/full/3138160.png",46.3444483087516,45.2923192921613,55.1415498079428,74.8558479019522,66.8586206465623,67.4237161273475,49.8719369101259
296,"Jericho Sims","MIL","C","https://a.espncdn.com/i/headshots/nba/players/full/4277922.png",53.9450571849667,51.5576045729543,47.7788400669809,98.0320592892944,34.0153595043729,48.396695526926,49.8554991812181
297,"Pelle Larsson","MIA","G","https://a.espncdn.com/i/headshots/nba/players/full/4601025.png",53.9731296453671,52.6528554923911,54.0028463777749,52.1667791824024,67.5872920374496,65.4779631088072,49.745981531912
298,"Ziaire Williams","BKN","F","https://a.espncdn.com/i/headshots/nba/players/full/4433137.png",44.6947030618991,57.44546380354,50.9581372529915,61.955454850649,62.3065361298528,70.0007748229351,49.4567652622523
299,"Ronald Holland II","DET","F","https://a.espncdn.com/i/headshots/nba/players/full/4683771.png",53.1966011625616,59.8898724718085,52.3194719433323,59.2604588043604,48.8950276126367,65.3800448510729,49.2740901522152
300,"Reed Sheppard","HOU","G","https://a.espncdn.com/i/headshots/nba/players/full/4711272.png",50.2781071813126,35.5971977377305,59.6864746295974,51.5404970128817,69.3434157451333,86.7784386372544,49.2359237791282
301,"Amir Coffey","MIL","F","https://a.espncdn.com/i/headshots/nba/players/full/4066387.png",53.0550431505418,74.4748269962702,49.1087146170303,47.8800732524389,83.7857569138578,43.6614632959131,49.1766659162652
302,"Justin Edwards","PHI","F","https://a.espncdn.com/i/headshots/nba/players/full/4711297.png",45.2035001757171,61.3519263615248,50.8119674895887,53.8330315909094,68.8996551291957,65.9445691138511,49.0338400674609
303,"Jamal Shead","TOR","G","https://a.espncdn.com/i/headshots/nba/players/full/4432241.png",44.339178441743,45.0149070968646,88.1364038749492,46.5150275279759,43.3799607818891,62.5223556656307,48.9871562843733
304,"Ryan Dunn","PHX","F","https://a.espncdn.com/i/headshots/nba/players/full/4888725.png",47.9904335800219,56.0027519460123,47.5420219740078,64.5802753705573,68.2559417194217,64.9267216789708,48.9052121489135
305,"Trendon Watford","PHI","PF","https://a.espncdn.com/i/headshots/nba/players/full/4431675.png",57.2863356023099,55.4245813421494,64.3490089796544,60.4409310387747,43.9604195083579,54.287428409202,48.7366719735509
306,"Alex Sarr","WSH","PF","https://a.espncdn.com/i/headshots/nba/players/full/5160992.png",40.2922479714973,45.2416542085011,61.3378686814566,72.0951980723836,59.4712944705119,72.2792287178778,48.7069862179578
307,"AJ Green","MIL","G","https://a.espncdn.com/i/headshots/nba/players/full/4397475.png",61.2593157688162,64.9343975703152,53.9922971862784,48.8466973016568,75.4628996286913,43.2914531675764,48.6663738502849
308,"Rob Dillingham","MIN","G","https://a.espncdn.com/i/headshots/nba/players/full/4684275.png",54.4755395590548,44.6652686784405,73.6647679978866,48.7537726786215,56.3568729524191,58.7520401971485,48.3747522715751
309,"Cam Reddish","LAL","SF","https://a.espncdn.com/i/headshots/nba/players/full/4395627.png",44.4833716170817,42.691121024014,45.3880493980369,50.958706252205,81.1096277915233,85.4385102407605,48.1141885255931
310,"Bismack Biyombo","SA","C","https://a.espncdn.com/i/headshots/nba/players/full/6427.png",53.9891584178418,41.827296122096,48.5190575250983,80.7327569572847,49.6151247335011,72.6998610841946,48.1012354707993
311,"Garrison Mathews","ATL","SG","https://a.espncdn.com/i/headshots/nba/players/full/3913180.png",53.2382408829036,56.4068621100964,52.0754666893956,49.1646607421599,71.6282673281439,59.0706037019097,48.0767535463953
312,"Caleb Houstan","ATL","G","https://a.espncdn.com/i/headshots/nba/players/full/4433623.png",49.197588368147,65.7848424654531,46.8894074861736,48.612125808875,87.2878515212621,49.7094579055302,47.8483926726319
313,"Dalen Terry","CHI","F","https://a.espncdn.com/i/headshots/nba/players/full/4433159.png",45.7963574738148,52.8611770579815,58.505498365573,53.4019029947058,49.277864196893,73.4426824318646,47.826072257544
314,"Tosan Evbuomwan","BKN","F","https://a.espncdn.com/i/headshots/nba/players/full/4597865.png",53.907937911379,46.0719325342708,53.3091441664211,61.8318096358528,65.1185899671978,63.1083962791451,47.8077205127187
315,"Lindy Waters III","SA","F","https://a.espncdn.com/i/headshots/nba/players/full/4066317.png",51.031699151024,41.8518450398558,50.8120664294576,64.9913587699094,84.5402644297207,60.8870242204635,47.7795979972801
316,"Keyonte George","UTAH","G","https://a.espncdn.com/i/headshots/nba/players/full/4433627.png",41.0818612048883,57.3576712743619,87.111585028876,50.7607517608184,53.5364364886022,42.9449437169342,47.7581737797845
317,"Antonio Reeves","CHA","G","https://a.espncdn.com/i/headshots/nba/players/full/4592686.png",50.7227647956429,61.3397345420135,48.9982454585326,48.8559465913827,81.4555552122965,53.028529948499,47.5848488003693
318,"Yves Missi","NO","C","https://a.espncdn.com/i/headshots/nba/players/full/5061589.png",44.8218138155626,43.9834463497292,51.2953850084528,84.5001639262661,63.3559273946096,62.568877038686,47.5695076229456
319,"Isaiah Collier","UTAH","G","https://a.espncdn.com/i/headshots/nba/players/full/4683766.png",39.5396641366375,43.9360941064594,93.6137575218571,52.1011039645591,35.1001839828502,59.1798854457322,47.5529834505742
320,"Ja'Kobe Walter","TOR","G","https://a.espncdn.com/i/headshots/nba/players/full/4684272.png",51.3924479123866,46.6411434156151,53.5474831525197,57.2155034120751,70.2236036593835,63.1630701816845,47.3032048676374
321,"Tim Hardaway Jr.","DEN","SF","https://a.espncdn.com/i/headshots/nba/players/full/2528210.png",53.7479968550103,62.4947471931417,53.7330193068236,46.47326000994,91.0598384440559,39.8045183782913,47.2303058089956
322,"Oso Ighodaro","PHX","C","https://a.espncdn.com/i/headshots/nba/players/full/4601023.png",54.6480364750602,48.1504189979529,52.1018615733363,67.7347021686523,56.1539624588008,59.1306097816203,46.8606273191656
323,"Johnny Juzang","MIN","G","https://a.espncdn.com/i/headshots/nba/players/full/4432817.png",43.7467478099639,64.9066348377475,49.8890088189721,55.5579268430033,77.1726310916325,51.9516252879116,46.6822809756483
324,"Micah Potter","SA","C","https://a.espncdn.com/i/headshots/nba/players/full/4066399.png",46.0467842858742,71.0667933865493,46.6284589377407,70.4868963027821,57.7298084252817,47.559282800746,46.1583645815302
325,"Elfrid Payton","NO","G","https://a.espncdn.com/i/headshots/nba/players/full/2583639.png",44.518576829172,30.7055512821894,91.6895889717443,68.6527406373816,48.3753813164991,79.2872957736,45.6626118110483
326,"Bilal Coulibaly","WSH","SG","https://a.espncdn.com/i/headshots/nba/players/full/5104155.png",37.1112010133524,49.518511714375,66.2376448801886,57.4874239569306,53.0606129705964,71.4068131281823,45.6351340792986
327,"Corey Kispert","WSH","SF","https://a.espncdn.com/i/headshots/nba/players/full/4280151.png",44.9682991526924,72.2048717770659,53.5539716812284,50.6175109037053,78.9545684150339,40.5464524166252,45.2832052935847
328,"Kris Murray","POR","F","https://a.espncdn.com/i/headshots/nba/players/full/4594326.png",49.1331459596393,42.2645977795728,51.5582367406035,63.1431714821712,74.8357386140943,60.8906048364032,45.2735454640262
329,"Terry Rozier","MIA","SG","https://a.espncdn.com/i/headshots/nba/players/full/3074752.png",48.6213809429104,45.9989498494066,63.7575613208796,54.8636740683784,82.1198039471717,44.9150882863066,45.2262582346279
330,"Gabe Vincent","LAL","PG","https://a.espncdn.com/i/headshots/nba/players/full/3137259.png",49.3752990618176,55.8552974973031,53.2225737527802,44.2480744934953,72.3642451869771,56.1320729952868,45.0623874930793
331,"Ricky Council IV","PHI","G","https://a.espncdn.com/i/headshots/nba/players/full/4701234.png",50.1029821299942,43.5693511530509,55.2097044508659,59.8812733512982,84.3168928583364,48.7307677875328,44.9911170482311
332,"Andre Jackson Jr.","MIL","G","https://a.espncdn.com/i/headshots/nba/players/full/4432190.png",48.7594252623392,57.3623348082939,55.4044116381362,64.1380765511022,38.2563455791796,60.9596210067389,44.8448482403675
333,"Keon Johnson","BKN","G","https://a.espncdn.com/i/headshots/nba/players/full/4432192.png",39.9883991729324,48.1997808606553,62.67282777582,56.826099791604,47.7575934028367,71.3467536006541,44.6971388797975
334,"Tyrese Martin","BKN","G","https://a.espncdn.com/i/headshots/nba/players/full/4397179.png",45.2407885817636,52.329414433447,59.3116779000052,59.4874508852023,70.5404474656629,47.3604555529622,44.6852828667067
335,"Simone Fontecchio","MIA","F","https://a.espncdn.com/i/headshots/nba/players/full/3899664.png",53.083247755257,53.058453147854,49.5807615132557,60.359621166443,69.45352060518,47.8928482613041,44.4823162557443
336,"Patrick Williams","CHI","PF","https://a.espncdn.com/i/headshots/nba/players/full/4431687.png",44.3775067307905,46.5139488405346,57.1610284816997,55.8518163467592,67.9615265821317,59.3072450526364,44.3126937307677
337,"Julian Strawther","DEN","G","https://a.espncdn.com/i/headshots/nba/players/full/4432181.png",49.2635959420061,61.3573194757395,51.6870399762985,48.6877225230916,61.4382871712749,51.9579893537067,44.2451531242262
338,"Gary Harris","MIL","SG","https://a.espncdn.com/i/headshots/nba/players/full/2999547.png",49.8051776560968,44.7637527291305,46.360500995419,48.2868945658268,81.8472755847241,64.7769819338391,44.1541815754286
339,"Jerami Grant","POR","SF","https://a.espncdn.com/i/headshots/nba/players/full/2991070.png",47.1121844107233,44.4599300778025,53.72679773531,49.5122668879568,76.3049312490942,60.7118302322071,43.9001026544918
340,"Jamison Battle","TOR","F","https://a.espncdn.com/i/headshots/nba/players/full/4431893.png",47.4064528408624,63.2723765463976,48.6808833436276,56.6810820403347,81.1654313616632,40.8655840893892,43.8451312837696
341,"Tristan da Silva","ORL","F","https://a.espncdn.com/i/headshots/nba/players/full/4702382.png",47.8613993471543,49.688424130226,54.9685858670104,57.2597315116841,81.2336899214992,44.2467324917723,43.7554057948167
342,"Gradey Dick","TOR","G","https://a.espncdn.com/i/headshots/nba/players/full/5106258.png",46.8543558911618,55.2359854395882,52.8603944347623,52.0760595724264,67.845489598873,51.4611848286945,43.7144530520242
343,"Kyshawn George","WSH","F","https://a.espncdn.com/i/headshots/nba/players/full/5174563.png",39.4264895038692,45.5442254812866,62.7348592411787,56.9189513069448,46.2498469262795,72.4540726149399,43.5141859335906
344,"Svi Mykhailiuk","UTAH","SG","https://a.espncdn.com/i/headshots/nba/players/full/3133602.png",48.5021268089205,47.9048946723402,57.366489207478,51.7609711500722,71.656694161296,47.6155982130856,42.6822997524924
345,"Jaden Hardy","DAL","G","https://a.espncdn.com/i/headshots/nba/players/full/4868423.png",51.3866639588867,55.0021594334083,55.9967932134265,48.0114569003169,46.4651188305968,51.7247182602497,41.8749011309568
346,"Kyle Kuzma","MIL","SF","https://a.espncdn.com/i/headshots/nba/players/full/3134907.png",40.2650637960162,55.6290790828852,59.0268823506073,73.4770628440211,54.4995827119467,42.5150096781017,41.8748042836245
347,"Josh Green","CHA","SG","https://a.espncdn.com/i/headshots/nba/players/full/4432811.png",38.2441446720653,56.953088980463,52.8048840825701,48.5127910341987,58.9465826650451,62.7640556109423,41.7667277119828
348,"Dillon Jones","WSH","G","https://a.espncdn.com/i/headshots/nba/players/full/4702159.png",51.8544093772692,37.9021082116007,57.0057363772112,68.0758692994333,58.0710753215364,50.6776781026573,41.1243193462704
349,"Jalen Wilson","BKN","F","https://a.espncdn.com/i/headshots/nba/players/full/4431714.png",42.8566036295698,54.6792829560856,57.3984906853785,54.247781661505,68.7392625898081,40.8490713232166,40.5459243709607
350,"Bub Carrington","WSH","G","https://a.espncdn.com/i/headshots/nba/players/full/4845374.png",33.270677803571,51.5839506781726,83.2423963608227,53.2161844501951,52.5202004282013,44.6668103930899,40.1398897210963
351,"Jordan Hawkins","NO","G","https://a.espncdn.com/i/headshots/nba/players/full/4683750.png",41.5232472518762,44.0154164172317,49.2865508024742,51.1819834294361,86.573848323765,49.1782121845788,39.9808657078817
352,"KJ Simpson","CHA","G","https://a.espncdn.com/i/headshots/nba/players/full/4683834.png",40.7463670040182,34.3926032412297,65.322931317297,54.5085555808812,68.1895265796585,63.7403802649528,39.7921209031302
353,"DaQuan Jeffries","CHA","SG","https://a.espncdn.com/i/headshots/nba/players/full/3913220.png",40.2626651027199,47.158858119069,48.4928762724042,53.1393388880598,70.203688741747,53.771246710123,39.3019035542577
354,"Noah Clowney","BKN","F","https://a.espncdn.com/i/headshots/nba/players/full/4712896.png",42.4058978646652,42.0251734952604,46.405262548267,60.2804688954311,63.7918896329418,50.8311885847087,37.7315971229235
355,"Jett Howard","ORL","G","https://a.espncdn.com/i/headshots/nba/players/full/5105806.png",44.2638035026472,47.234975685167,49.7796951052206,49.4580057362829,63.7106721723781,44.6564535975774,37.6336016049123
356,"AJ Johnson","WSH","G","https://a.espncdn.com/i/headshots/nba/players/full/5170947.png",42.3187393926015,38.4914323330882,60.4886293938372,51.7451839467271,70.8329661755953,40.9691765557212,36.7894311436029
357,"Nick Smith Jr.","CHA","G","https://a.espncdn.com/i/headshots/nba/players/full/4683686.png",38.1259023130463,45.4012849205768,63.0885554495665,47.4668321683755,72.0578653904122,37.310417637795,36.3463817706238
358,"Vasilije Micic","MIL","G","https://a.espncdn.com/i/headshots/nba/players/full/3102532.png",42.1996543419471,35.0473470754456,71.3900352234916,60.6877604474201,54.2285897189806,39.7487143389342,36.2060059942787
359,"Maxi Kleber","LAL","PF","https://a.espncdn.com/i/headshots/nba/players/full/2960236.png",43.883441162025,40.2286498929388,50.3776687144371,56.6351673975485,52.4749083509076,45.3530908940027,36.0255026361565
360,"Cody Williams","UTAH","F","https://a.espncdn.com/i/headshots/nba/players/full/4895758.png",35.0210213868561,33.2502589208778,49.6639419683042,50.052829956315,60.2886141280746,47.1573320144247,32.589241219615
